Date Run,Date/Time Run,Date Run,Date/Time Run,Location,Date Published,Total Cases,Total Deaths,Count Cases Black/AA,Count Deaths Black/AA,Pct Cases Black/AA,Pct Deaths Black/AA,Pct Includes Unknown Race,Pct Includes Hispanic Black,Count Cases Known Race,Count Deaths Known Race,Black/AA Population,Pct Black/AA Population,Status code
2020-08-13,2020/08/13 00:11:30America/Los Angeles TZ,2020-08-13,2020/08/13 00:09:39America/Los Angeles TZ,Alabama,2020-08-12,100801.0,1814.0,27226.0,744.0,42.37,42.61,False,False,64265.0,1746.0,1293186.0,26.58,Success!
2020-08-13,2020/08/13 00:11:30America/Los Angeles TZ,2020-08-13,2020/08/13 00:09:39America/Los Angeles TZ,Alaska,2020-08-12,2377.0,27.0,120.0,0.0,5.64,0.0,False,True,2128.0,27.0,24129.0,3.27,Success!
2020-08-13,2020/08/13 00:11:30America/Los Angeles TZ,2020-08-13,2020/08/13 00:09:39America/Los Angeles TZ,Arizona,2020-08-12,189443.0,4347.0,4700.0,135.0,4.49,3.63,False,False,104589.0,3719.0,305259.0,4.39,Success!
2020-08-13,2020/08/13 00:11:30America/Los Angeles TZ,2020-08-13,2020/08/13 00:09:39America/Los Angeles TZ,Arkansas,2020-08-12,51114.0,573.0,11047.0,153.0,24.55,26.66,False,True,44999.0,574.0,460970.0,15.41,Success!
2020-08-13,2020/08/13 00:11:30America/Los Angeles TZ,2020-08-13,2020/08/13 00:09:39America/Los Angeles TZ,California,2020-08-11 00:00:00,586056.0,10648.0,16141.0,850.0,4.26,8.25,False,False,378931.0,10301.0,2267875.0,5.79,Success!
2020-08-13,2020/08/13 00:11:30America/Los Angeles TZ,2020-08-13,2020/08/13 00:09:39America/Los Angeles TZ,California - Los Angeles,,,,,,,,False,False,,,823987.0,8.16,"An error occurred. ... KeyError(""['Under Investigation'] not found in axis"")"
2020-08-13,2020/08/13 00:11:30America/Los Angeles TZ,2020-08-13,2020/08/13 00:09:39America/Los Angeles TZ,California - San Diego,2020-08-12,33393.0,608.0,1272.0,25.0,4.68,4.15,False,False,27165.0,603.0,166412.0,5.04,Success!
2020-08-13,2020/08/13 00:11:30America/Los Angeles TZ,2020-08-13,2020/08/13 00:09:39America/Los Angeles TZ,California - San Francisco,,,,,,,,False,False,,,,,An error occurred. ... KeyError('Date_Uploaded.Data as of')
2020-08-13,2020/08/13 00:11:30America/Los Angeles TZ,2020-08-13,2020/08/13 00:09:39America/Los Angeles TZ,Colorado,2020-08-12,51756.0,1875.0,2552.0,125.0,5.79,6.79,False,False,44081.0,1841.0,227938.0,4.12,Success!
2020-08-13,2020/08/13 00:11:30America/Los Angeles TZ,2020-08-13,2020/08/13 00:09:39America/Los Angeles TZ,Connecticut,2020-08-11,48705.0,3566.0,6642.0,657.0,13.64,18.42,True,False,,,378262.0,10.56,Success!
2020-08-13,2020/08/13 00:11:30America/Los Angeles TZ,2020-08-13,2020/08/13 00:09:39America/Los Angeles TZ,Delaware,2020-08-12,15765.0,592.0,4008.0,151.0,27.86,26.68,False,False,14384.0,566.0,209892.0,22.11,Success!
2020-08-13,2020/08/13 00:11:30America/Los Angeles TZ,2020-08-13,2020/08/13 00:09:39America/Los Angeles TZ,Florida,2020-08-12,545040.0,8765.0,69171.0,1605.0,12.69,18.31,True,False,,,3316376.0,16.1,Success!
2020-08-13,2020/08/13 00:11:30America/Los Angeles TZ,2020-08-13,2020/08/13 00:09:39America/Los Angeles TZ,Florida -- Miami-Dade County,2020-08-12,139271.0,1939.0,11994.0,,15.61,,False,True,76834.0,,481976.0,17.75,Success!
2020-08-13,2020/08/13 00:11:30America/Los Angeles TZ,2020-08-13,2020/08/13 00:09:39America/Los Angeles TZ,Florida -- Orange County,2020-08-12,32341.0,325.0,4359.0,,24.41,,False,True,17856.0,,277193.0,20.98,Success!
2020-08-13,2020/08/13 00:11:30America/Los Angeles TZ,2020-08-13,2020/08/13 00:09:39America/Los Angeles TZ,Georgia,2020-08-12,226153.0,4456.0,57435.0,1971.0,25.4,44.23,True,True,,,3239300.0,31.46,Success!
2020-08-13,2020/08/13 00:11:30America/Los Angeles TZ,2020-08-13,2020/08/13 00:09:39America/Los Angeles TZ,Hawaii,2020-08-12,3958.0,38.0,24.0,,1.39,,False,True,1725.0,,26266.0,1.85,Success!
2020-08-13,2020/08/13 00:11:30America/Los Angeles TZ,2020-08-13,2020/08/13 00:09:39America/Los Angeles TZ,Idaho,2020-08-12,26133.0,245.0,284.0,3.0,1.09,1.22,False,True,,,11536.0,0.68,Success!
2020-08-13,2020/08/13 00:11:30America/Los Angeles TZ,2020-08-13,2020/08/13 00:09:39America/Los Angeles TZ,Illinois,2020-08-12,198593.0,7672.0,31955.0,2084.0,16.09,27.16,True,False,,,1824125.0,14.23,Success!
2020-08-13,2020/08/13 00:11:30America/Los Angeles TZ,2020-08-13,2020/08/13 00:09:39America/Los Angeles TZ,Indiana,2020-08-12,76522.0,2878.0,8644.0,408.0,11.3,14.18,True,True,,,619472.0,9.33,Success!
2020-08-13,2020/08/13 00:11:30America/Los Angeles TZ,2020-08-13,2020/08/13 00:09:39America/Los Angeles TZ,Iowa,2020-08-12,49973.0,953.0,3655.0,42.0,7.31,4.41,True,True,,,109911.0,3.51,Success!
2020-08-13,2020/08/13 00:11:30America/Los Angeles TZ,2020-08-13,2020/08/13 00:09:39America/Los Angeles TZ,Kansas,2020-08-12,32547.0,395.0,2414.0,68.0,8.97,17.8,False,True,26900.0,382.0,169801.0,5.84,Success!
2020-08-13,2020/08/13 00:11:30America/Los Angeles TZ,2020-08-13,2020/08/13 00:09:39America/Los Angeles TZ,Kentucky,,,,,,,,False,False,,,354112.0,7.98,"An error occurred. ... CSVParseError(""Error failed to create DataFrame with different column tables.\nTry to set `multiple_tables=True`or set `names` option for `pandas_options`. \n, caused by ParserError('Error tokenizing data. C error: Expected 2 fields in line 9, saw 3\\n')"")"
2020-08-13,2020/08/13 00:11:30America/Los Angeles TZ,2020-08-13,2020/08/13 00:09:39America/Los Angeles TZ,Louisiana,2020-08-12,134304.0,4238.0,49262.0,2054.0,43.11,48.99,False,True,114279.0,4193.0,1502916.0,32.23,Success!
2020-08-13,2020/08/13 00:11:30America/Los Angeles TZ,2020-08-13,2020/08/13 00:09:39America/Los Angeles TZ,Maine,2020-08-12,4069.0,126.0,893.0,,24.23,,False,True,3685.0,,17881.0,1.34,Success!
2020-08-13,2020/08/13 00:11:30America/Los Angeles TZ,2020-08-13,2020/08/13 00:09:39America/Los Angeles TZ,Maryland,2020-08-12,97384.0,3474.0,30803.0,1426.0,37.34,41.19,False,False,82492.0,3462.0,1788090.0,29.78,Success!
2020-08-13,2020/08/13 00:11:30America/Los Angeles TZ,2020-08-13,2020/08/13 00:09:39America/Los Angeles TZ,Massachusetts,2020-08-12,122000.0,8769.0,11324.0,724.0,9.28,8.26,True,False,,,510558.0,7.48,Success!
2020-08-13,2020/08/13 00:11:30America/Los Angeles TZ,2020-08-13,2020/08/13 00:09:39America/Los Angeles TZ,Michigan,2020-08-12,89184.0,6197.0,23042.0,2447.0,25.84,39.49,True,False,,,1375424.0,13.81,Success!
2020-08-13,2020/08/13 00:11:30America/Los Angeles TZ,2020-08-13,2020/08/13 00:09:39America/Los Angeles TZ,Minnesota,2020-08-12,62303.0,1678.0,12985.0,166.0,20.84,9.89,True,True,,,342186.0,6.19,Success!
2020-08-13,2020/08/13 00:11:30America/Los Angeles TZ,2020-08-13,2020/08/13 00:09:39America/Los Angeles TZ,Mississippi,2020-08-11,69374.0,1989.0,29169.0,964.0,42.05,48.47,True,True,,,1125834.0,37.67,Success!
2020-08-13,2020/08/13 00:11:30America/Los Angeles TZ,2020-08-13,2020/08/13 00:09:39America/Los Angeles TZ,Missouri,2020-08-12,62522.0,1323.0,11588.0,431.0,26.45,33.83,False,True,43809.0,1274.0,704896.0,11.57,Success!
2020-08-13,2020/08/13 00:11:30America/Los Angeles TZ,2020-08-13,2020/08/13 00:09:39America/Los Angeles TZ,Montana,2020-08-12,5268.0,80.0,25.0,,0.47,,True,True,,,4630.0,0.44,Success!
2020-08-13,2020/08/13 00:11:30America/Los Angeles TZ,2020-08-13,2020/08/13 00:09:39America/Los Angeles TZ,Nebraska,,,,,,,,False,False,,,90860.0,4.77,An error occurred. ... ValueError('Unable to find layer covid19_hot_accumulative_lab_dt in flc URL https://gis.ne.gov/enterprise/rest/services/Covid19MapV5/MapServer')
2020-08-13,2020/08/13 00:11:30America/Los Angeles TZ,2020-08-13,2020/08/13 00:09:39America/Los Angeles TZ,Nevada,2020-08-12,58048.0,996.0,3053.0,82.0,8.15,12.2,False,False,37443.0,672.0,261123.0,8.93,Success!
2020-08-13,2020/08/13 00:11:30America/Los Angeles TZ,2020-08-13,2020/08/13 00:09:39America/Los Angeles TZ,New Hampshire,2020-08-12,6887.0,420.0,343.0,9.0,5.7,2.17,False,False,6016.0,414.0,20516.0,1.53,Success!
2020-08-13,2020/08/13 00:11:30America/Los Angeles TZ,2020-08-13,2020/08/13 00:09:39America/Los Angeles TZ,New Mexico,2020-08-12,22816.0,695.0,419.0,,1.84,,True,False,,,43006.0,2.06,Success!
2020-08-13,2020/08/13 00:11:30America/Los Angeles TZ,2020-08-13,2020/08/13 00:09:39America/Los Angeles TZ,New York -- New York,2020-08-12,225284.0,18970.0,35662.0,5291.0,29.18,30.43,False,True,122212.0,17389.0,2049418.0,24.27,Success!
2020-08-13,2020/08/13 00:11:30America/Los Angeles TZ,2020-08-13,2020/08/13 00:09:39America/Los Angeles TZ,NewYork,,,,,,,,False,False,,,,,"An error occurred. ... TimeoutException('', None, None)"
2020-08-13,2020/08/13 00:11:30America/Los Angeles TZ,2020-08-13,2020/08/13 00:09:39America/Los Angeles TZ,North Carolina,2020-08-12,139061.0,2249.0,24702.0,677.0,24.1,31.69,False,True,102484.0,2136.0,2179622.0,21.46,Success!
2020-08-13,2020/08/13 00:11:30America/Los Angeles TZ,2020-08-13,2020/08/13 00:09:39America/Los Angeles TZ,NorthDakota,2020-08-12,7970.0,120.0,,,,,False,False,,,,,Success!
2020-08-13,2020/08/13 00:11:30America/Los Angeles TZ,2020-08-13,2020/08/13 00:09:39America/Los Angeles TZ,Ohio,,,,,,,,False,False,,,1438271.0,12.35,An error occurred. ... JSONDecodeError('Expecting value: line 1 column 1 (char 0)')
2020-08-13,2020/08/13 00:11:30America/Los Angeles TZ,2020-08-13,2020/08/13 00:09:39America/Los Angeles TZ,Oklahoma,2020-08-12,45398.0,627.0,3137.0017999999995,38.9994,6.91,6.22,False,False,35746.3852,591.0101999999998,287959.0,7.35,Success!
2020-08-13,2020/08/13 00:11:30America/Los Angeles TZ,2020-08-13,2020/08/13 00:09:39America/Los Angeles TZ,Oregon,2020-08-12,22022.0,375.0,767.0,9.0,3.98,2.74,False,True,19261.0,328.0,77789.0,1.91,Success!
2020-08-13,2020/08/13 00:11:30America/Los Angeles TZ,2020-08-13,2020/08/13 00:09:39America/Los Angeles TZ,Pennsylvania,2020-08-12,117739.0,7385.0,16519.0,1545.0,28.83,21.17,False,True,57296.0,7297.0,1423319.0,11.13,Success!
2020-08-13,2020/08/13 00:11:30America/Los Angeles TZ,2020-08-13,2020/08/13 00:09:39America/Los Angeles TZ,Rhode Island,2020-07-03,16491.0,960.0,1592.0,48.0,12.29,6.14,False,False,12950.0,782.0,69254.0,6.55,Success!
2020-08-13,2020/08/13 00:11:30America/Los Angeles TZ,2020-08-13,2020/08/13 00:09:39America/Los Angeles TZ,SouthCarolina,2020-08-11,102130.0,2098.0,35122.0,831.0,39.02,42.03,False,True,90016.0,1977.0,,,Success!
2020-08-13,2020/08/13 00:11:30America/Los Angeles TZ,2020-08-13,2020/08/13 00:09:39America/Los Angeles TZ,SouthDakota,2020-08-10,9663.0,146.0,1042.0,,10.78,,False,False,9663.0,,,,Success!
2020-08-13,2020/08/13 00:11:30America/Los Angeles TZ,2020-08-13,2020/08/13 00:09:39America/Los Angeles TZ,Tennessee,2020-08-12,126393.0,1289.0,24484.0,419.0,19.37,32.51,True,True,,,1117489.0,16.8,Success!
2020-08-13,2020/08/13 00:11:30America/Los Angeles TZ,2020-08-13,2020/08/13 00:09:39America/Los Angeles TZ,Texas,2020-08-12,42630.0,9034.0,6610.0,1149.0,0.16,0.13,True,False,,,3365783.0,12.07,Success!
2020-08-13,2020/08/13 00:11:30America/Los Angeles TZ,2020-08-13,2020/08/13 00:09:39America/Los Angeles TZ,Texas -- Bexar County,2020-08-12,43455.0,545.0,464.0,17.0,6.81,15.32,False,False,6812.0,111.0,146703.0,7.62,Success!
2020-08-13,2020/08/13 00:11:30America/Los Angeles TZ,2020-08-13,2020/08/13 00:09:39America/Los Angeles TZ,Utah,2020-08-12,45090.0,351.0,1072.0,6.0,2.4,1.71,True,False,,,35862.0,1.18,Success!
2020-08-13,2020/08/13 00:11:30America/Los Angeles TZ,2020-08-13,2020/08/13 00:09:39America/Los Angeles TZ,Vermont,2020-08-12,1478.0,58.0,166.0,0.0,11.58,0.0,False,True,1433.0,57.0,8058.0,1.29,Success!
2020-08-13,2020/08/13 00:11:30America/Los Angeles TZ,2020-08-13,2020/08/13 00:09:39America/Los Angeles TZ,Virginia,2020-07-21,79371.0,2048.0,12922.0,483.0,16.28,23.58,True,True,,,1613285.0,19.17,Success!
2020-08-13,2020/08/13 00:11:30America/Los Angeles TZ,2020-08-13,2020/08/13 00:09:39America/Los Angeles TZ,Washington,2020-08-12,64702.0,1724.0,2469.0,58.0,5.78,3.44,False,False,42681.0,1685.0,269854.0,3.7,Success!
2020-08-13,2020/08/13 00:11:30America/Los Angeles TZ,2020-08-13,2020/08/13 00:09:39America/Los Angeles TZ,"Washington, DC",2020-08-12,12959.0,593.0,6438.0,439.0,49.68,74.03,True,True,,,321317.0,46.94,Success!
2020-08-13,2020/08/13 00:11:30America/Los Angeles TZ,2020-08-13,2020/08/13 00:09:39America/Los Angeles TZ,WestVirginia,,,,,,,,False,False,,,,,"An error occurred. ... TimeoutException('', None, None)"
2020-08-13,2020/08/13 00:11:30America/Los Angeles TZ,2020-08-13,2020/08/13 00:09:39America/Los Angeles TZ,Wisconsin,2020-08-12,62263.0,1011.0,8780.0,212.0,15.59,21.31,False,True,56312.0,995.0,368744.0,6.38,Success!
2020-08-13,2020/08/13 00:11:30America/Los Angeles TZ,2020-08-13,2020/08/13 00:09:39America/Los Angeles TZ,Wisconsin -- Milwaukee,2020-08-12,21350.0,394.0,5918.0,149.0,29.67,37.82,False,False,19943.0,394.0,252321.0,26.44,Success!
2020-08-13,2020/08/13 00:11:30America/Los Angeles TZ,2020-08-13,2020/08/13 00:09:39America/Los Angeles TZ,Wyoming,,,,,,,,False,False,,,5540.0,0.95,An error occurred. ... JSONDecodeError('Expecting value: line 1 column 1 (char 0)')
