Location,Date Published,Total Cases,Total Deaths,Count Cases Black/AA,Count Deaths Black/AA,Pct Cases Black/AA,Pct Deaths Black/AA,Pct Includes Unknown Race,Pct Includes Hispanic Black,Count Cases Known Race,Count Deaths Known Race,Black/AA Population,Pct Black/AA Population,Status code
Texas,2020-07-09,24459,703,2821,90.0,0.12,0.13,True,False,,,3365783,12.07,Success!
Texas -- Bexar County,2020-07-09,17679,165,464,17.0,6.81,15.32,False,False,6812.0,111.0,146703,7.62,Success!
New York -- New York,2020-07-09,214952,18637,33362,5214.0,30.15,30.52,False,True,110643.0,17085.0,2049418,24.27,Success!
Rhode Island,2020-07-03,16491,960,1592,48.0,12.29,6.14,False,False,12950.0,782.0,69254,6.55,Success!
Tennessee,2020-07-09,57591,710,11825,249.0,20.53,35.07,True,True,,,1117489,16.8,Success!
Utah,2020-07-09,27356,205,704,<5,2.6,,True,False,,,35862,1.18,Success!
Kentucky,2020-07-09,18245,612,1729,87,13.88,15.3,False,True,12461.0,574.0,354112,7.98,Success!
Arkansas,2020-07-09,26052,309,5611,74,24.98,25.52,False,True,22465.0,290.0,460970,15.41,Success!
California - San Diego,2020-07-09,18402,415,666,16,4.54,3.93,False,False,14668.0,407.0,166412,5.04,Success!
Virginia,2020-07-09,67988,1937,10150,437,14.93,22.56,True,True,,,1613285,19.17,Success!
New Mexico,2020-07-09,14251,533,270,,1.89,,True,False,,,43006,2.06,Success!
Florida -- Miami-Dade County,2020-07-09,55961,1092,6426,,20.52,,False,True,31311.0,,481976,17.75,Success!
Florida -- Orange County,2020-07-09,15595,69,2051,,24.65,,False,True,8319.0,,277193,20.98,Success!
Alabama,2020-07-09,48588,1042,16434,462,45.81,46.02,False,False,35877.0,1004.0,1293186,26.58,Success!
California - Los Angeles,2020-07-08,124738,3689,3358,375,4.75,10.92,False,False,70741.0,3434.0,823987,8.16,Success!
Maryland,2020-07-09,71447,3160,20515,1276,28.71,40.38,False,False,58791.0,71423.0,1788090,29.78,Success!
Mississippi,2020-07-08,33591,1204,16002,600,47.64,49.83,True,True,,,1125834,37.67,Success!
Pennsylvania,2020-07-09,90202,6848,12101,1426,30.15,21.68,False,True,40142.0,6579.0,1423319,11.13,Success!
Florida,2020-07-09,229367,4009,29577,789,12.9,19.68,True,False,,,3316376,16.1,Success!
Montana,2020-07-09,1466,25,6,,0.41,,True,True,,,4630,0.44,Success!
Vermont,2020-07-09,1272,56,136,0,10.99,0.0,False,True,1238.0,56.0,8058,1.29,Success!
Colorado,2020-07-09,35525,1706,1854,113,6.38,6.87,False,False,29045.0,1646.0,227938,4.12,Success!
Nebraska,2020-07-09,20623,284,1217,22,7.64,8.12,False,True,15936.0,271.0,90860,4.77,Success!
Michigan,2020-07-09,67598,5941,20291,2367,30.02,39.84,True,False,,,1375424,13.81,Success!
California,2020-07-08,296499,6602,8336.0,593.0,4.4,9.1,False,True,190304.0,6520.0,2267875,5.79,Success!
Indiana,,,,,,,,False,False,,,619472,9.33,"An error occurred. ... KeyError(""None of ['RACE'] are in the columns"")"
Alaska,2020-07-09,1272.0,17.0,30.0,0.0,1.36,0.0,False,True,2199.0,34.0,24129,3.27,Success!
Wisconsin,2020-07-09,33908,809,5730,192,18.77,24.06,False,True,30532.0,798.0,368744,6.38,Success!
Georgia,2020-07-09,106727,2930,28790,1375,26.98,46.93,True,True,,,3239300,31.46,Success!
Washington,,,,,,,,False,False,,,269854,3.7,"An error occurred. ... AttributeError(""'NoneType' object has no attribute 'groups'"")"
"Washington, DC",2020-07-09,10679,568,5266,421,49.31,74.12,True,True,,,321317,46.94,Success!
Delaware,2020-07-09,12531,517,3212,132,25.63,25.53,True,False,,,209892,22.11,Success!
Maine,2020-07-09,3486,111,809,,26.23,,False,True,3084.0,,17881,1.34,Success!
Iowa,,,,,,,,False,False,,,109911,3.51,"An error occurred. ... ValueError('Unable to parse ""Reported Deaths In Adair : No Data"" as int')"
North Carolina,2020-07-09,79349,1461,12925,461,23.8,32.72,False,True,54318.0,1409.0,2179622,21.46,Success!
Illinois,2020-07-09,150450,7119,25255,1971,16.79,27.69,True,False,,,1824125,14.23,Success!
Idaho,,,,,,,,False,False,,,11536,0.68,"An error occurred. ... TimeoutException('', None, None)"
Minnesota,2020-07-09,40163,1490,8168,143,20.34,9.6,True,True,,,342186,6.19,Success!
Massachusetts,2020-07-09,110897,8268,10442,679,9.42,8.21,True,False,,,510558,7.48,Success!
Wisconsin -- Milwaukee,2020-07-09,13096,358,3792,145,31.23,40.5,False,False,12144.0,358.0,252321,26.44,Success!
Missouri,2020-06-27,20261,996,5758,246,49.66,38.56,False,True,11594.0,638.0,704896,11.57,Success!
