Date Run,Date/Time Run,Location,Date Published,Total Cases,Total Deaths,Count Cases Black/AA,Count Deaths Black/AA,Pct Cases Black/AA,Pct Deaths Black/AA,Pct Includes Unknown Race,Pct Includes Hispanic Black,Count Cases Known Race,Count Deaths Known Race,Black/AA Population,Pct Black/AA Population,Status code
2020-08-15,2020/08/15 19:10:11America/Los Angeles TZ,Alabama,2020-08-15,103357.0,1828.0,27943.0,749.0,42.2,42.53,False,False,66220.0,1761.0,1293186.0,26.58,Success!
2020-08-15,2020/08/15 19:10:11America/Los Angeles TZ,Alaska,2020-08-15,2543.0,28.0,145.0,0.0,6.38,0.0,False,True,2274.0,28.0,24129.0,3.27,Success!
2020-08-15,2020/08/15 19:10:11America/Los Angeles TZ,Arizona,2020-08-15,192654.0,4492.0,4788.0,139.0,4.47,3.6,False,False,107064.0,3858.0,305259.0,4.39,Success!
2020-08-15,2020/08/15 19:10:11America/Los Angeles TZ,Arkansas,2020-08-15,51992.0,600.0,11417.0,158.0,24.58,26.33,False,True,46439.0,600.0,460970.0,15.41,Success!
2020-08-15,2020/08/15 19:10:11America/Los Angeles TZ,California,2020-08-14 00:00:00,613689.0,11147.0,17130.0,872.0,4.28,8.1,False,False,400423.0,10766.0,2267875.0,5.79,Success!
2020-08-15,2020/08/15 19:10:11America/Los Angeles TZ,California - Los Angeles,,,,,,,,False,False,,,823987.0,8.16,"An error occurred. ... KeyError(""['Under Investigation'] not found in axis"")"
2020-08-15,2020/08/15 19:10:11America/Los Angeles TZ,California - San Diego,2020-08-15,34344.0,626.0,1309.0,26.0,4.68,4.21,False,False,27970.0,617.0,166412.0,5.04,Success!
2020-08-15,2020/08/15 19:10:11America/Los Angeles TZ,California - San Francisco,,,,,,,,False,False,,,,,An error occurred. ... KeyError('Date_Uploaded.Data as of')
2020-08-15,2020/08/15 19:10:11America/Los Angeles TZ,Colorado,2020-08-15,52838.0,1896.0,2573.0,126.0,5.72,6.77,False,False,44944.0,1861.0,227938.0,4.12,Success!
2020-08-15,2020/08/15 19:10:11America/Los Angeles TZ,Connecticut,2020-08-13,48887.0,3569.0,6710.0,658.0,13.73,18.44,True,False,,,378262.0,10.56,Success!
2020-08-15,2020/08/15 19:10:11America/Los Angeles TZ,Delaware,2020-08-15,16396.0,593.0,4263.0,151.0,28.42,26.63,False,False,14999.0,567.0,209892.0,22.11,Success!
2020-08-15,2020/08/15 19:10:11America/Los Angeles TZ,Florida,2020-08-15,563628.0,9345.0,72427.0,1705.0,12.85,18.25,True,False,,,3316376.0,16.1,Success!
2020-08-15,2020/08/15 19:10:11America/Los Angeles TZ,Florida -- Miami-Dade County,2020-08-15,144407.0,2047.0,12431.0,,15.26,,False,True,81468.0,,481976.0,17.75,Success!
2020-08-15,2020/08/15 19:10:11America/Los Angeles TZ,Florida -- Orange County,2020-08-15,33180.0,351.0,4501.0,,24.27,,False,True,18542.0,,277193.0,20.98,Success!
2020-08-15,2020/08/15 19:10:11America/Los Angeles TZ,Georgia,2020-08-15,235168.0,4669.0,59740.0,2058.0,25.4,44.08,True,True,,,3239300.0,31.46,Success!
2020-08-15,2020/08/15 19:10:11America/Los Angeles TZ,Hawaii,2020-08-15,4825.0,40.0,29.0,,1.37,,False,True,2116.0,,26266.0,1.85,Success!
2020-08-15,2020/08/15 19:10:11America/Los Angeles TZ,Idaho,2020-08-15,27477.0,261.0,295.0,3.0,1.07,1.15,False,True,,,11536.0,0.68,Success!
2020-08-15,2020/08/15 19:10:11America/Los Angeles TZ,Illinois,2020-08-15,204519.0,7726.0,32595.0,2094.0,15.94,27.1,True,False,,,1824125.0,14.23,Success!
2020-08-15,2020/08/15 19:10:11America/Los Angeles TZ,Indiana,2020-08-15,79676.0,2921.0,8871.0,409.0,11.13,14.0,True,True,,,619472.0,9.33,Success!
2020-08-15,2020/08/15 19:10:11America/Los Angeles TZ,Iowa,2020-08-15,51826.0,973.0,3759.0,42.0,7.25,4.32,True,True,,,109911.0,3.51,Success!
2020-08-15,2020/08/15 19:10:11America/Los Angeles TZ,Kansas,2020-08-14,33885.0,402.0,2539.0,68.0,9.08,17.53,False,True,27977.0,388.0,169801.0,5.84,Success!
2020-08-15,2020/08/15 19:10:11America/Los Angeles TZ,Kentucky,,,,,,,,False,False,,,354112.0,7.98,"An error occurred. ... CSVParseError(""Error failed to create DataFrame with different column tables.\nTry to set `multiple_tables=True`or set `names` option for `pandas_options`. \n, caused by ParserError('Error tokenizing data. C error: Expected 3 fields in line 9, saw 4\\n')"")"
2020-08-15,2020/08/15 19:10:11America/Los Angeles TZ,Louisiana,2020-08-12,136737.0,4307.0,49262.0,2054.0,43.11,48.99,False,True,114279.0,4193.0,1502916.0,32.23,Success!
2020-08-15,2020/08/15 19:10:11America/Los Angeles TZ,Maine,2020-08-15,4144.0,127.0,907.0,,24.15,,False,True,3756.0,,17881.0,1.34,Success!
2020-08-15,2020/08/15 19:10:11America/Los Angeles TZ,Maryland,2020-08-15,99693.0,3499.0,31693.0,1437.0,37.51,41.2,False,False,84491.0,3488.0,1788090.0,29.78,Success!
2020-08-15,2020/08/15 19:10:11America/Los Angeles TZ,Massachusetts,2020-08-15,123199.0,8826.0,11408.0,728.0,9.26,8.25,True,False,,,510558.0,7.48,Success!
2020-08-15,2020/08/15 19:10:11America/Los Angeles TZ,Michigan,2020-08-15,92073.0,6245.0,23363.0,2454.0,25.37,39.3,True,False,,,1375424.0,13.81,Success!
2020-08-15,2020/08/15 19:10:11America/Los Angeles TZ,Minnesota,2020-08-15,64413.0,1699.0,13408.0,166.0,20.82,9.77,True,True,,,342186.0,6.19,Success!
2020-08-15,2020/08/15 19:10:11America/Los Angeles TZ,Mississippi,2020-08-14,71755.0,2080.0,30129.0,1010.0,41.99,48.56,True,True,,,1125834.0,37.67,Success!
2020-08-15,2020/08/15 19:10:11America/Los Angeles TZ,Missouri,2020-08-15,66392.0,1346.0,11596.0,434.0,26.44,33.46,False,True,43856.0,1297.0,704896.0,11.57,Success!
2020-08-15,2020/08/15 19:10:11America/Los Angeles TZ,Montana,2020-08-15,5659.0,82.0,31.0,,0.55,,True,True,,,4630.0,0.44,Success!
2020-08-15,2020/08/15 19:10:11America/Los Angeles TZ,Nebraska,,,,,,,,False,False,,,90860.0,4.77,An error occurred. ... ValueError('Unable to find layer covid19_hot_accumulative_lab_dt in flc URL https://gis.ne.gov/enterprise/rest/services/Covid19MapV5/MapServer')
2020-08-15,2020/08/15 19:10:11America/Los Angeles TZ,Nevada,2020-08-15,60608.0,1069.0,3272.0,86.0,8.22,12.29,False,False,39792.0,700.0,261123.0,8.93,Success!
2020-08-15,2020/08/15 19:10:11America/Los Angeles TZ,New Hampshire,2020-08-15,6980.0,423.0,346.0,9.0,5.66,2.16,False,False,6115.0,416.0,20516.0,1.53,Success!
2020-08-15,2020/08/15 19:10:11America/Los Angeles TZ,New Mexico,2020-08-15,23302.0,711.0,425.0,,1.82,,True,False,,,43006.0,2.06,Success!
2020-08-15,2020/08/15 19:10:11America/Los Angeles TZ,New York -- New York,2020-08-15,226367.0,18989.0,35825.0,5300.0,29.13,30.45,False,True,122987.0,17406.0,2049418.0,24.27,Success!
2020-08-15,2020/08/15 19:10:11America/Los Angeles TZ,NewYork,2020-08-14,424901.0,25244.0,,6398.0,,26.91,False,False,,23777.0,,,Success!
2020-08-15,2020/08/15 19:10:11America/Los Angeles TZ,North Carolina,2020-08-15,143706.0,2343.0,25772.0,697.0,24.14,31.44,False,True,106745.0,2217.0,2179622.0,21.46,Success!
2020-08-15,2020/08/15 19:10:11America/Los Angeles TZ,NorthDakota,2020-08-15,8444.0,121.0,,,,,False,False,,,,,Success!
2020-08-15,2020/08/15 19:10:11America/Los Angeles TZ,Ohio,2020-08-15,107674.0,3824.0,25821.0,729.0,27.38,19.23,False,True,94292.0,3791.0,1438271.0,12.35,Success!
2020-08-15,2020/08/15 19:10:11America/Los Angeles TZ,Oklahoma,2020-08-15,47798.0,657.0,3317.1812,40.0113,6.94,6.09,False,False,37703.0624,619.0254,287959.0,7.35,Success!
2020-08-15,2020/08/15 19:10:11America/Los Angeles TZ,Oregon,2020-08-14,22613.0,385.0,788.0,9.0,3.99,2.69,False,True,19754.0,335.0,77789.0,1.91,Success!
2020-08-15,2020/08/15 19:10:11America/Los Angeles TZ,Pennsylvania,2020-08-15,120346.0,7465.0,16826.0,1572.0,28.63,21.11,False,True,58764.0,7445.0,1423319.0,11.13,Success!
2020-08-15,2020/08/15 19:10:11America/Los Angeles TZ,Rhode Island,2020-07-03,16491.0,960.0,1592.0,48.0,12.29,6.14,False,False,12950.0,782.0,69254.0,6.55,Success!
2020-08-15,2020/08/15 19:10:11America/Los Angeles TZ,SouthCarolina,2020-08-14,104841.0,2204.0,36036.0,858.0,39.02,41.35,False,True,92355.0,2075.0,,,Success!
2020-08-15,2020/08/15 19:10:11America/Los Angeles TZ,SouthDakota,,,,,,,,False,False,,,,,"An error occurred. ... TimeoutException('', None, None)"
2020-08-15,2020/08/15 19:10:11America/Los Angeles TZ,Tennessee,2020-08-15,131747.0,1345.0,25257.0,432.0,19.17,32.12,True,True,,,1117489.0,16.8,Success!
2020-08-15,2020/08/15 19:10:11America/Los Angeles TZ,Texas,2020-08-15,45131.0,9840.0,7143.0,1222.0,0.16,0.12,True,False,,,3365783.0,12.07,Success!
2020-08-15,2020/08/15 19:10:11America/Los Angeles TZ,Texas -- Bexar County,2020-08-14,43823.0,578.0,464.0,17.0,6.81,15.32,False,False,6812.0,111.0,146703.0,7.62,Success!
2020-08-15,2020/08/15 19:10:11America/Los Angeles TZ,Utah,2020-08-15,46321.0,362.0,1102.0,7.0,2.4,1.93,True,False,,,35862.0,1.18,Success!
2020-08-15,2020/08/15 19:10:11America/Los Angeles TZ,Vermont,2020-08-15,1509.0,58.0,167.0,0.0,11.4,0.0,False,True,1465.0,57.0,8058.0,1.29,Success!
2020-08-15,2020/08/15 19:10:11America/Los Angeles TZ,Virginia,2020-07-21,79371.0,2048.0,12922.0,483.0,16.28,23.58,True,True,,,1613285.0,19.17,Success!
2020-08-15,2020/08/15 19:10:11America/Los Angeles TZ,Washington,2020-08-15,66885.0,1766.0,2653.0,58.0,5.75,3.35,False,False,46108.0,1732.0,269854.0,3.7,Success!
2020-08-15,2020/08/15 19:10:11America/Los Angeles TZ,"Washington, DC",2020-08-15,13159.0,597.0,6553.0,443.0,49.8,74.2,True,True,,,321317.0,46.94,Success!
2020-08-15,2020/08/15 19:10:11America/Los Angeles TZ,WestVirginia,,,,,,,,False,False,,,,,"An error occurred. ... TimeoutException('', None, None)"
2020-08-15,2020/08/15 19:10:11America/Los Angeles TZ,Wisconsin,2020-08-15,65056.0,1038.0,8987.0,212.0,15.27,20.76,False,True,58841.0,1021.0,368744.0,6.38,Success!
2020-08-15,2020/08/15 19:10:11America/Los Angeles TZ,Wisconsin -- Milwaukee,2020-08-14,21885.0,394.0,6048.0,149.0,29.57,37.82,False,False,20451.0,394.0,252321.0,26.44,Success!
2020-08-15,2020/08/15 19:10:11America/Los Angeles TZ,Wyoming,,,,,,,,False,False,,,5540.0,0.95,An error occurred. ... JSONDecodeError('Expecting value: line 1 column 1 (char 0)')
