Date Run,Date/Time Run,Location,Date Published,Total Cases,Total Deaths,Count Cases Black/AA,Count Deaths Black/AA,Pct Cases Black/AA,Pct Deaths Black/AA,Pct Includes Unknown Race,Pct Includes Hispanic Black,Count Cases Known Race,Count Deaths Known Race,Black/AA Population,Pct Black/AA Population,Status code
2020-07-27,2020/07/27 23:19:36America/Los Angeles TZ,Alabama,2020-07-27,79129.0,1446.0,22550.0,608.0,43.17,43.68,False,False,52230.0,1392.0,1293186.0,26.58,Success!
2020-07-27,2020/07/27 23:19:36America/Los Angeles TZ,Alaska,2020-07-27,1638.0,20.0,72.0,0.0,4.78,0.0,False,True,1506.0,20.0,24129.0,3.27,Success!
2020-07-27,2020/07/27 23:19:36America/Los Angeles TZ,Arizona,2020-07-27,163827.0,3304.0,3484.0,97.0,4.31,3.54,False,False,80787.0,2738.0,305259.0,4.39,Success!
2020-07-27,2020/07/27 23:19:36America/Los Angeles TZ,Arkansas,2020-07-27,39447.0,408.0,8264.0,106.0,24.39,25.98,False,True,33884.0,408.0,460970.0,15.41,Success!
2020-07-27,2020/07/27 23:19:36America/Los Angeles TZ,California,2020-07-26 00:00:00,460550.0,8445.0,12741.0,701.0,4.32,8.51,False,False,295103.0,8238.0,2267875.0,5.79,Success!
2020-07-27,2020/07/27 23:19:36America/Los Angeles TZ,California - Los Angeles,2020-07-26,176028.0,4375.0,4727.0,438.0,4.61,10.73,False,False,102449.0,4083.0,823987.0,8.16,Success!
2020-07-27,2020/07/27 23:19:36America/Los Angeles TZ,California - San Diego,2020-07-27,27507.0,533.0,1012.0,20.0,4.71,3.86,False,False,21477.0,518.0,166412.0,5.04,Success!
2020-07-27,2020/07/27 23:19:36America/Los Angeles TZ,California - San Francisco,,,,,,,,False,False,,,,,"An error occurred. ... TimeoutException('', None, None)"
2020-07-27,2020/07/27 23:19:36America/Los Angeles TZ,Colorado,2020-07-27,44565.0,1799.0,2108.0,119.0,6.09,6.85,False,False,34627.0,1737.0,227938.0,4.12,Success!
2020-07-27,2020/07/27 23:19:36America/Los Angeles TZ,Connecticut,2020-07-26,46994.0,3536.0,6436.0,653.0,13.7,18.47,True,False,,,378262.0,10.56,Success!
2020-07-27,2020/07/27 23:19:36America/Los Angeles TZ,Delaware,,,,,,,,False,False,,,209892.0,22.11,"An error occurred. ... AttributeError(""'numpy.float64' object has no attribute 'split'"")"
2020-07-27,2020/07/27 23:19:36America/Los Angeles TZ,Florida,2020-07-27,427698.0,5931.0,50990.0,1141.0,11.92,19.24,True,False,,,3316376.0,16.1,Success!
2020-07-27,2020/07/27 23:19:36America/Los Angeles TZ,Florida -- Miami-Dade County,2020-07-27,107315.0,1404.0,9879.0,,18.27,,False,True,54066.0,,481976.0,17.75,Success!
2020-07-27,2020/07/27 23:19:36America/Los Angeles TZ,Florida -- Orange County,2020-07-27,27393.0,174.0,3513.0,,25.12,,False,True,13983.0,,277193.0,20.98,Success!
2020-07-27,2020/07/27 23:19:36America/Los Angeles TZ,Georgia,2020-07-27,170843.0,3509.0,43914.0,1598.0,25.7,45.54,True,True,,,3239300.0,31.46,Success!
2020-07-27,2020/07/27 23:19:36America/Los Angeles TZ,Idaho,2020-07-27,18694.0,150.0,224.0,3.0,1.2,2.0,False,True,,,11536.0,0.68,Success!
2020-07-27,2020/07/27 23:19:36America/Los Angeles TZ,Illinois,2020-07-27,172655.0,7416.0,28718.0,2036.0,16.63,27.45,True,False,,,1824125.0,14.23,Success!
2020-07-27,2020/07/27 23:19:36America/Los Angeles TZ,Indiana,2020-07-27,62907.0,2709.0,7242.0,383.0,11.51,14.14,True,True,,,619472.0,9.33,Success!
2020-07-27,2020/07/27 23:19:36America/Los Angeles TZ,Iowa,2020-07-28,42700.0,836.0,3391.0,38.0,7.94,4.55,True,True,,,109911.0,3.51,Success!
2020-07-27,2020/07/27 23:19:36America/Los Angeles TZ,Kansas,2020-07-27,26172.0,335.0,1931.0,63.0,8.98,19.38,False,True,21495.0,325.0,169801.0,5.84,Success!
2020-07-27,2020/07/27 23:19:36America/Los Angeles TZ,Kentucky,,,,,,,,False,False,,,354112.0,7.98,"An error occurred. ... AttributeError(""'DataFrame' object has no attribute 'str'"")"
2020-07-27,2020/07/27 23:19:36America/Los Angeles TZ,Louisiana,2020-07-22,109917.0,3674.0,36693.0,1803.0,45.36,51.05,False,True,80885.0,3532.0,1502916.0,32.23,Success!
2020-07-27,2020/07/27 23:19:36America/Los Angeles TZ,Maine,2020-07-27,3832.0,119.0,860.0,,24.9,,False,True,3454.0,,17881.0,1.34,Success!
2020-07-27,2020/07/27 23:19:36America/Los Angeles TZ,Maryland,2020-07-27,84876.0,3315.0,25440.0,1357.0,36.16,41.08,False,False,70362.0,3303.0,1788090.0,29.78,Success!
2020-07-27,2020/07/27 23:19:36America/Los Angeles TZ,Massachusetts,2020-07-27,115926.0,8536.0,10845.0,699.0,9.36,8.19,True,False,,,510558.0,7.48,Success!
2020-07-27,2020/07/27 23:19:36America/Los Angeles TZ,Michigan,2020-07-27,78419.0,6075.0,21927.0,2422.0,27.96,39.87,True,False,,,1375424.0,13.81,Success!
2020-07-27,2020/07/27 23:19:36America/Los Angeles TZ,Minnesota,2020-07-27,51803.0,1576.0,10638.0,149.0,20.54,9.45,True,True,,,342186.0,6.19,Success!
2020-07-27,2020/07/27 23:19:36America/Los Angeles TZ,Mississippi,2020-07-26,52957.0,1501.0,23006.0,751.0,43.44,50.03,True,True,,,1125834.0,37.67,Success!
2020-07-27,2020/07/27 23:19:36America/Los Angeles TZ,Missouri,2020-07-27,43045.0,1201.0,9264.0,395.0,28.41,34.17,False,True,32609.0,1156.0,704896.0,11.57,Success!
2020-07-27,2020/07/27 23:19:36America/Los Angeles TZ,Montana,2020-07-27,3381.0,47.0,20.0,,0.59,,True,True,,,4630.0,0.44,Success!
2020-07-27,2020/07/27 23:19:36America/Los Angeles TZ,Nebraska,2020-07-27,24899.0,317.0,1511.0,24.0,7.84,7.92,False,True,19282.0,303.0,90860.0,4.77,Success!
2020-07-27,2020/07/27 23:19:36America/Los Angeles TZ,New Hampshire,2020-07-27,6441.0,409.0,335.0,9.0,5.99,2.22,False,False,5595.0,406.0,20516.0,1.53,Success!
2020-07-27,2020/07/27 23:19:36America/Los Angeles TZ,New Mexico,2020-07-27,19502.0,619.0,367.0,,1.88,,True,False,,,43006.0,2.06,Success!
2020-07-27,2020/07/27 23:19:36America/Los Angeles TZ,New York -- New York,2020-07-27,220483.0,18872.0,34116.0,5261.0,29.91,30.44,False,True,114053.0,17283.0,2049418.0,24.27,Success!
2020-07-27,2020/07/27 23:19:36America/Los Angeles TZ,NewYork,2020-07-26,412344.0,25117.0,,6354.0,,26.91,False,False,,23614.0,,,Success!
2020-07-27,2020/07/27 23:19:36America/Los Angeles TZ,North Carolina,2020-07-27,114338.0,1790.0,19338.0,560.0,24.01,32.43,False,True,80533.0,1727.0,2179622.0,21.46,Success!
2020-07-27,2020/07/27 23:19:36America/Los Angeles TZ,Ohio,2020-07-27,85177.0,3344.0,21687.0,649.0,29.48,19.75,False,True,73562.0,3286.0,1438271.0,12.35,Success!
2020-07-27,2020/07/27 23:19:36America/Los Angeles TZ,Pennsylvania,2020-07-27,105228.0,7122.0,14751.0,1484.0,29.77,21.22,False,True,49557.0,6992.0,1423319.0,11.13,Success!
2020-07-27,2020/07/27 23:19:36America/Los Angeles TZ,Rhode Island,2020-07-03,16491.0,960.0,1592.0,48.0,12.29,6.14,False,False,12950.0,782.0,69254.0,6.55,Success!
2020-07-27,2020/07/27 23:19:36America/Los Angeles TZ,SouthCarolina,2020-07-24,78607.0,1385.0,26288.0,573.0,37.88,43.74,False,True,69406.0,1310.0,,,Success!
2020-07-27,2020/07/27 23:19:36America/Los Angeles TZ,Tennessee,2020-07-27,96489.0,978.0,18408.0,337.0,19.08,34.46,True,True,,,1117489.0,16.8,Success!
2020-07-27,2020/07/27 23:19:36America/Los Angeles TZ,Texas,,,,,,,,False,False,,,3365783.0,12.07,"An error occurred. ... KeyError(""None of ['Race/Ethnicity'] are in the columns"")"
2020-07-27,2020/07/27 23:19:36America/Los Angeles TZ,Texas -- Bexar County,2020-07-27,36438.0,323.0,464.0,17.0,6.81,15.32,False,False,6812.0,111.0,146703.0,7.62,Success!
2020-07-27,2020/07/27 23:19:36America/Los Angeles TZ,Utah,2020-07-27,38409.0,281.0,945.0,5.0,2.5,1.78,True,False,,,35862.0,1.18,Success!
2020-07-27,2020/07/27 23:19:36America/Los Angeles TZ,Vermont,2020-07-27,1402.0,56.0,159.0,0.0,11.67,0.0,False,True,1362.0,56.0,8058.0,1.29,Success!
2020-07-27,2020/07/27 23:19:36America/Los Angeles TZ,Virginia,2020-07-21,79371.0,2048.0,12922.0,483.0,16.28,23.58,True,True,,,1613285.0,19.17,Success!
2020-07-27,2020/07/27 23:19:36America/Los Angeles TZ,Washington,2020-07-27,53321.0,1518.0,1930.0,49.0,5.44,3.31,False,False,35454.0,1479.0,269854.0,3.7,Success!
2020-07-27,2020/07/27 23:19:36America/Los Angeles TZ,"Washington, DC",2020-07-26,11780.0,581.0,5802.0,429.0,49.25,73.84,True,True,,,321317.0,46.94,Success!
2020-07-27,2020/07/27 23:19:36America/Los Angeles TZ,Wisconsin,2020-07-27,49417.0,893.0,7632.0,201.0,17.12,22.92,False,True,44574.0,877.0,368744.0,6.38,Success!
2020-07-27,2020/07/27 23:19:36America/Los Angeles TZ,Wisconsin -- Milwaukee,2020-07-27,18261.0,379.0,5149.0,148.0,30.44,39.05,False,False,16918.0,379.0,252321.0,26.44,Success!
