Location,Date Published,Total Cases,Total Deaths,Count Cases Black/AA,Count Deaths Black/AA,Pct Cases Black/AA,Pct Deaths Black/AA,Pct Includes Unknown Race,Pct Includes Hispanic Black,Count Cases Known Race,Count Deaths Known Race,Black/AA Population,Pct Black/AA Population,Status code
Illinois,2020-07-12,153916,7187,25828.0,1990.0,16.78,27.69,True,False,,,1824125,14.23,Success!
Washington,2020-07-12,40656,1438,1570.0,46.0,5.44,3.36,False,False,28882.0,1371.0,269854,3.7,Success!
North Carolina,2020-07-12,85701,1503,13921.0,473.0,23.93,32.69,False,True,58167.0,1447.0,2179622,21.46,Success!
New York -- New York,2020-07-12,215924,18670,33489.0,5226.0,30.15,30.52,False,True,111088.0,17124.0,2049418,24.27,Success!
Wisconsin,2020-07-12,36448,820,6076.0,192.0,18.5,23.76,False,True,32836.0,808.0,368744,6.38,Success!
Wisconsin -- Milwaukee,2020-07-10,13430,359,3889.0,145.0,31.17,40.39,False,False,12475.0,359.0,252321,26.44,Success!
Rhode Island,2020-07-03,16491,960,1592.0,48.0,12.29,6.14,False,False,12950.0,782.0,69254,6.55,Success!
Tennessee,2020-07-12,61960,741,12551.0,263.0,20.26,35.49,True,True,,,1117489,16.8,Success!
Maine,2020-07-12,3539,114,816.0,,25.81,,False,True,3161.0,,17881,1.34,Success!
Maryland,2020-07-12,73109,3188,21160.0,1295.0,28.94,40.62,False,False,60333.0,73092.0,1788090,29.78,Success!
Alabama,2020-07-11,51294,1086,17111.0,479.0,45.22,45.84,False,False,37836.0,1045.0,1293186,26.58,Success!
Arkansas,2020-07-12,28367,321,6042.0,78.0,24.84,26.09,False,True,24327.0,299.0,460970,15.41,Success!
Connecticut,2020-07-09,45308,3476,6189.0,646.0,13.66,18.58,True,False,,,378262,10.56,Success!
Michigan,2020-07-12,69250,5984,20548.0,2390.0,29.67,39.94,True,False,,,1375424,13.81,Success!
Montana,2020-07-12,1758,29,7.0,,0.4,,True,True,,,4630,0.44,Success!
Alaska,2020-07-12,1479.0,17.0,35.0,0.0,1.4,0.0,False,True,2499.0,34.0,24129,3.27,Success!
Massachusetts,2020-07-12,111597,8325,10493.0,684.0,9.4,8.22,True,False,,,510558,7.48,Success!
Florida -- Miami-Dade County,2020-07-12,64444,1139,7127.0,,20.65,,False,True,34512.0,,481976,17.75,Success!
Florida -- Orange County,2020-07-12,18001,80,2278.0,,24.78,,False,True,9192.0,,277193,20.98,Success!
Iowa,2020-07-12,35363,750,3035.0,36.0,8.58,4.8,True,True,,,109911,3.51,Success!
Missouri,,,,,,,,False,False,,,704896,11.57,An error occurred. ... AssertionError('Unable to find ArcGIS ID 554ada3bc8b147abad21ae23d4a7ba3a')
Utah,2020-07-12,29484,215,747,<5,2.5,,True,False,,,35862,1.18,Success!
Mississippi,2020-07-11,36287,1249,17059,624,47.01,49.96,True,True,,,1125834,37.67,Success!
Texas -- Bexar County,2020-07-12,19648,184,464,17.0,6.81,15.32,False,False,6812.0,111.0,146703,7.62,Success!
Minnesota,2020-07-12,42281,1502,8665,147,20.49,9.79,True,True,,,342186,6.19,Success!
Texas,2020-07-12,25438,719,2914,91,0.11,0.13,True,False,,,3365783,12.07,Success!
Delaware,2020-07-12,12804,104,3266,132,25.51,126.92,True,False,,,209892,22.11,Success!
Nebraska,2020-07-12,21172,285,1252,22,7.62,8.06,False,True,16440.0,273.0,90860,4.77,Success!
California,2020-07-11,320804,6989,9021.0,613.0,4.4,8.9,False,True,206109.0,6888.0,2267875,5.79,Success!
Vermont,2020-07-12,1296,56,143,0,11.33,0.0,False,True,1262.0,56.0,8058,1.29,Success!
New Mexico,2020-07-12,15028,545,282,,1.88,,True,False,,,43006,2.06,Success!
Florida,2020-07-12,266119,4242,33479,835,12.58,19.68,True,False,,,3316376,16.1,Success!
"Washington, DC",2020-07-09,10679,568,5266,421,49.31,74.12,True,True,,,321317,46.94,Success!
Colorado,2020-07-12,36913,1725,1890,117,6.33,7.04,False,False,29866.0,1661.0,227938,4.12,Success!
California - San Diego,2020-07-12,19929,422,736,16,4.65,3.87,False,False,15828.0,413.0,166412,5.04,Success!
Idaho,2020-07-12,10902,101,150,1,1.38,0.99,False,True,,,11536,0.68,Success!
Pennsylvania,2020-07-12,92552,6904,12702,1426,30.29,21.68,False,True,41935.0,6579.0,1423319,11.13,Success!
Georgia,2020-07-12,116926,3001,31278,1398,26.75,46.58,True,True,,,3239300,31.46,Success!
Virginia,2020-07-12,70670,1966,10760,456,15.23,23.19,True,True,,,1613285,19.17,Success!
Indiana,2020-07-12,51612,2567,6099,370,11.82,14.41,True,True,,,619472,9.33,Success!
Kentucky,2020-07-12,19389,625,2072,24,15.91,4.12,False,True,13029.0,587.0,354112,7.98,Success!
California - Los Angeles,2020-07-11,133549,3809,3554,387,4.7,10.92,False,False,75586.0,3543.0,823987,8.16,Success!
