Location,Date Published,Total Cases,Total Deaths,Count Cases Black/AA,Count Deaths Black/AA,Pct Cases Black/AA,Pct Deaths Black/AA,Pct Includes Unknown Race,Pct Includes Hispanic Black,Count Cases Known Race,Count Deaths Known Race,Black/AA Population,Pct Black/AA Population,Status code
Texas,2020-07-20,28240,753,3254,95.0,0.12,0.13,True,False,,,3365783,12.07,Success!
Texas -- Bexar County,2020-07-20,31316,262,464,17.0,6.81,15.32,False,False,6812.0,111.0,146703,7.62,Success!
New York -- New York,2020-07-20,218478,18787,33757,5258.0,30.1,30.49,False,True,112160.0,17245.0,2049418,24.27,Success!
Rhode Island,2020-07-03,16491,960,1592,48.0,12.29,6.14,False,False,12950.0,782.0,69254,6.55,Success!
California - San Francisco,2020-07-19,5305,43,290,5.0,6.36,12.2,False,False,4563.0,41.0,,,Success!
Tennessee,2020-07-20,79754,847,15478,305.0,19.41,36.01,True,True,,,1117489,16.8,Success!
Utah,2020-07-20,34526,247,855,<5,2.5,,True,False,,,35862,1.18,Success!
Kentucky,2020-07-20,23414,671,2444,26,15.53,4.19,False,True,15738.0,625.0,354112,7.98,Success!
Arkansas,2020-07-20,33927,363,7167,95,24.61,26.24,False,True,29119.0,362.0,460970,15.41,Success!
California - San Diego,2020-07-20,24135,478,880,18,4.69,3.9,False,False,18776.0,462.0,166412,5.04,Success!
Virginia,2020-07-20,78375,2031,12678,479,16.18,23.58,True,True,,,1613285,19.17,Success!
New Mexico,2020-07-20,17215,578,311,,1.81,,True,False,,,43006,2.06,Success!
Florida -- Miami-Dade County,2020-07-20,87035,1309,8590,,19.92,,False,True,43119.0,,481976,17.75,Success!
Florida -- Orange County,2020-07-20,23584,119,2980,,24.92,,False,True,11960.0,,277193,20.98,Success!
Alabama,2020-07-20,67711,1257,20170,538,43.85,44.68,False,False,45993.0,1204.0,1293186,26.58,Success!
California - Los Angeles,2020-07-19,159045,4104,4250,410,4.64,10.73,False,False,91616.0,3820.0,823987,8.16,Success!
Maryland,2020-07-20,78685,3252,23092,1327,35.37,40.96,False,False,65282.0,3240.0,1788090,29.78,Success!
Mississippi,2020-07-19,43889,1358,19896,679,45.33,50.0,True,True,,,1125834,37.67,Success!
Arizona,2020-07-20,145183,2784,3119.0,81.0,4.3,3.46,False,False,72540.0,2344.0,305259,4.39,Success!
Pennsylvania,2020-07-20,98872,7018,13860,1484,30.21,21.22,False,True,45885.0,6992.0,1423319,11.13,Success!
Florida,2020-07-20,355899,5072,42912,965,12.06,19.03,True,False,,,3316376,16.1,Success!
Montana,2020-07-20,2621,39,15,,0.57,,True,True,,,4630,0.44,Success!
Vermont,2020-07-20,1360,56,150,0,11.36,0.0,False,True,1321.0,56.0,8058,1.29,Success!
Connecticut,2020-07-19,46071,3525,6292,653,13.66,18.52,True,False,,,378262,10.56,Success!
Kansas,2020-07-20,23334,307,1734,65,9.14,21.74,False,True,18962.0,299.0,169801,5.84,Success!
Colorado,2020-07-20,40566,1758,2004,118,6.22,6.94,False,False,32201.0,1701.0,227938,4.12,Success!
Nebraska,2020-07-20,22847,313,1352,22,7.63,7.64,False,True,17730.0,288.0,90860,4.77,Success!
Michigan,2020-07-20,74068,6047,21359,2407,28.84,39.8,True,False,,,1375424,13.81,Success!
Louisiana,2020-07-15,94892,3462,32137,1724,48.31,51.56,False,True,66518.0,3344.0,1502916,32.23,Success!
California,2020-07-19 00:00:00,391538,7694,10866,654,4.32,8.69,False,False,251660.0,7530.0,2267875,5.79,Success!
Indiana,2020-07-20,57206,2632,6611,373,11.56,14.17,True,True,,,619472,9.33,Success!
Alaska,2020-07-20,1949.0,18.0,47.0,0.0,3.76,0.0,False,True,1251.0,18.0,24129,3.27,Success!
Wisconsin,2020-07-20,43018,846,6925,196,17.84,23.56,False,True,38822.0,832.0,368744,6.38,Success!
Georgia,2020-07-20,145575,3176,37250,1473,25.59,46.38,True,True,,,3239300,31.46,Success!
Washington,2020-07-20,47743,1453,1715,48,5.44,3.45,False,False,31547.0,1391.0,269854,3.7,Success!
New Hampshire,2020-07-20,6249,398,321,9,6.03,2.27,False,False,5326.0,397.0,20516,1.53,Success!
"Washington, DC",2020-07-20,11339,579,5576,427,49.18,73.75,True,True,,,321317,46.94,Success!
Delaware,2020-07-20,13624,523,3478,134,25.53,25.62,True,False,,,209892,22.11,Success!
Maine,2020-07-20,3711,117,842,,25.39,,False,True,3316.0,,17881,1.34,Success!
Iowa,2020-07-21,39378,798,3238,38,8.22,4.76,True,True,,,109911,3.51,Success!
North Carolina,2020-07-20,101046,1642,16378,520,23.93,32.79,False,True,68454.0,1586.0,2179622,21.46,Success!
Illinois,2020-07-20,162748,7301,27337,2014,16.8,27.59,True,False,,,1824125,14.23,Success!
Idaho,2020-07-20,15266,120,195,1,1.28,0.83,False,True,,,11536,0.68,Success!
Minnesota,2020-07-20,47107,1545,9345,151,19.84,9.77,True,True,,,342186,6.19,Success!
Massachusetts,2020-07-20,113789,8433,10674,691,9.38,8.19,True,False,,,510558,7.48,Success!
Wisconsin -- Milwaukee,2020-07-20,16247,367,4636,146,30.83,39.78,False,False,15039.0,367.0,252321,26.44,Success!
Missouri,2020-07-20,33621,1132,7793,380,32.37,35.92,False,True,24075.0,1058.0,704896,11.57,Success!
