Date Run,Date/Time Run,Location,Date Published,Total Cases,Total Deaths,Count Cases Black/AA,Count Deaths Black/AA,Pct Cases Black/AA,Pct Deaths Black/AA,Pct Includes Unknown Race,Pct Includes Hispanic Black,Count Cases Known Race,Count Deaths Known Race,Black/AA Population,Pct Black/AA Population,Status code
2020-09-02,2020/09/02 20:09:05America/Los Angeles TZ,Alabama,2020-09-02,118220.0,2114.0,30899.0,849.0,39.88,41.72,False,False,77484.0,2035.0,1293186.0,26.58,Success!
2020-09-02,2020/09/02 20:09:05America/Los Angeles TZ,Alaska,2020-09-02,3245.0,39.0,177.0,0.0,6.1,0.0,False,True,2903.0,38.0,24129.0,3.27,Success!
2020-09-02,2020/09/02 20:09:05America/Los Angeles TZ,Arizona,,,,,,,,False,False,,,305259.0,4.39,"An error occurred. ... SessionNotCreatedException('session not created: This version of ChromeDriver only supports Chrome version 83', None, None)"
2020-09-02,2020/09/02 20:09:05America/Los Angeles TZ,Arkansas,2020-09-02,62112.0,841.0,13864.0,200.0,24.3,23.95,False,True,57042.0,835.0,460970.0,15.41,Success!
2020-09-02,2020/09/02 20:09:05America/Los Angeles TZ,California,2020-09-01 00:00:00,712052.0,13163.0,20245.0,996.0,4.27,7.78,False,False,474659.0,12800.0,2267875.0,5.79,Success!
2020-09-02,2020/09/02 20:09:05America/Los Angeles TZ,California - Los Angeles,2020-09-01,243935.0,5878.0,6767.0,549.0,4.69,9.92,False,False,144347.0,5535.0,823987.0,8.16,Success!
2020-09-02,2020/09/02 20:09:05America/Los Angeles TZ,California - San Diego,2020-09-02,39121.0,695.0,1467.0,30.0,4.57,4.36,False,False,32089.0,688.0,166412.0,5.04,Success!
2020-09-02,2020/09/02 20:09:05America/Los Angeles TZ,California - San Francisco,,,,,,,,False,False,,,,,"An error occurred. ... SessionNotCreatedException('session not created: This version of ChromeDriver only supports Chrome version 83', None, None)"
2020-09-02,2020/09/02 20:09:05America/Los Angeles TZ,Colorado,2020-09-02,58019.0,1952.0,2750.0,127.0,5.57,6.62,False,False,49403.0,1917.0,227938.0,4.12,Success!
2020-09-02,2020/09/02 20:09:05America/Los Angeles TZ,Connecticut,2020-09-01,50978.0,3582.0,7040.0,659.0,13.81,18.4,True,False,,,378262.0,10.56,Success!
2020-09-02,2020/09/02 20:09:05America/Los Angeles TZ,Delaware,,,,,,,,False,False,,,209892.0,22.11,"An error occurred. ... SessionNotCreatedException('session not created: This version of ChromeDriver only supports Chrome version 83', None, None)"
2020-09-02,2020/09/02 20:09:05America/Los Angeles TZ,Florida,,,,,,,,False,False,,,3316376.0,16.1,"An error occurred. ... AttributeError(""'NoneType' object has no attribute 'x0'"")"
2020-09-02,2020/09/02 20:09:05America/Los Angeles TZ,Florida -- Miami-Dade County,2020-09-02,159400.0,2554.0,13936.0,,14.49,,False,True,96148.0,,481976.0,17.75,Success!
2020-09-02,2020/09/02 20:09:05America/Los Angeles TZ,Florida -- Orange County,2020-09-02,36488.0,383.0,4983.0,,24.05,,False,True,20716.0,,277193.0,20.98,Success!
2020-09-02,2020/09/02 20:09:05America/Los Angeles TZ,Georgia,2020-09-02,274613.0,5795.0,71204.0,2482.0,25.93,42.83,True,True,,,3239300.0,31.46,Success!
2020-09-02,2020/09/02 20:09:05America/Los Angeles TZ,Hawaii,,,,,,,,False,False,,,26266.0,1.85,"An error occurred. ... SessionNotCreatedException('session not created: This version of ChromeDriver only supports Chrome version 83', None, None)"
2020-09-02,2020/09/02 20:09:05America/Los Angeles TZ,Idaho,,,,,,,,False,False,,,11536.0,0.68,"An error occurred. ... SessionNotCreatedException('session not created: This version of ChromeDriver only supports Chrome version 83', None, None)"
2020-09-02,2020/09/02 20:09:05America/Los Angeles TZ,Illinois,2020-09-02,238643.0,8091.0,35497.0,2155.0,14.87,26.63,True,False,,,1824125.0,14.23,Success!
2020-09-02,2020/09/02 20:09:05America/Los Angeles TZ,Indiana,2020-09-02,95750.0,3106.0,10067.0,431.0,10.51,13.88,True,True,,,619472.0,9.33,Success!
2020-09-02,2020/09/02 20:09:05America/Los Angeles TZ,Iowa,,,,,,,,False,False,,,109911.0,3.51,"An error occurred. ... SessionNotCreatedException('session not created: This version of ChromeDriver only supports Chrome version 83', None, None)"
2020-09-02,2020/09/02 20:09:05America/Los Angeles TZ,Kansas,,,,,,,,False,False,,,169801.0,5.84,"An error occurred. ... SessionNotCreatedException('session not created: This version of ChromeDriver only supports Chrome version 83', None, None)"
2020-09-02,2020/09/02 20:09:05America/Los Angeles TZ,Kentucky,,,,,,,,False,False,,,354112.0,7.98,"An error occurred. ... CSVParseError(""Error failed to create DataFrame with different column tables.\nTry to set `multiple_tables=True`or set `names` option for `pandas_options`. \n, caused by ParserError('Error tokenizing data. C error: Expected 3 fields in line 9, saw 4\\n')"")"
2020-09-02,2020/09/02 20:09:05America/Los Angeles TZ,Louisiana,2020-09-02,149838.0,4841.0,55541.0,2282.0,41.79,47.25,False,True,132914.0,4830.0,1502916.0,32.23,Success!
2020-09-02,2020/09/02 20:09:05America/Los Angeles TZ,Maine,2020-09-02,4567.0,133.0,934.0,,22.59,,False,True,4135.0,,17881.0,1.34,Success!
2020-09-02,2020/09/02 20:09:05America/Los Angeles TZ,Maryland,,,,,,,,False,False,,,1788090.0,29.78,"An error occurred. ... SessionNotCreatedException('session not created: This version of ChromeDriver only supports Chrome version 83', None, None)"
2020-09-02,2020/09/02 20:09:05America/Los Angeles TZ,Massachusetts,2020-09-02,121131.0,9060.0,11648.0,744.0,9.62,8.21,True,False,,,510558.0,7.48,Success!
2020-09-02,2020/09/02 20:09:05America/Los Angeles TZ,Michigan,2020-09-02,103636.0,6439.0,24509.0,2491.0,23.65,38.69,True,False,,,1375424.0,13.81,Success!
2020-09-02,2020/09/02 20:09:05America/Los Angeles TZ,Minnesota,,,,,,,,False,False,,,342186.0,6.19,An error occurred. ... ValueError('Unable to locate Black/AA data')
2020-09-02,2020/09/02 20:09:05America/Los Angeles TZ,Mississippi,2020-09-01,84365.0,2526.0,34242.0,1189.0,40.59,47.07,True,True,,,1125834.0,37.67,Success!
2020-09-02,2020/09/02 20:09:05America/Los Angeles TZ,Missouri,2020-09-02,87196.0,1542.0,11617.0,460.0,26.35,32.24,False,True,44093.0,1427.0,704896.0,11.57,Success!
2020-09-02,2020/09/02 20:09:05America/Los Angeles TZ,Montana,2020-09-02,7691.0,109.0,43.0,,0.56,,True,True,,,4630.0,0.44,Success!
2020-09-02,2020/09/02 20:09:05America/Los Angeles TZ,Nebraska,,,,,,,,False,False,,,90860.0,4.77,An error occurred. ... ValueError('Unable to find layer covid19_hot_accumulative_lab_dt in flc URL https://gis.ne.gov/enterprise/rest/services/Covid19MapV5/MapServer')
2020-09-02,2020/09/02 20:09:05America/Los Angeles TZ,Nevada,,,,,,,,False,False,,,261123.0,8.93,"An error occurred. ... SessionNotCreatedException('session not created: This version of ChromeDriver only supports Chrome version 83', None, None)"
2020-09-02,2020/09/02 20:09:05America/Los Angeles TZ,New Hampshire,,,,,,,,False,False,,,20516.0,1.53,"An error occurred. ... SessionNotCreatedException('session not created: This version of ChromeDriver only supports Chrome version 83', None, None)"
2020-09-02,2020/09/02 20:09:05America/Los Angeles TZ,New Mexico,2020-09-02,25612.0,790.0,453.0,,1.77,,True,False,,,43006.0,2.06,Success!
2020-09-02,2020/09/02 20:09:05America/Los Angeles TZ,New York -- New York,2020-09-02,230744.0,19063.0,36412.0,5328.0,28.79,30.48,False,True,126495.0,17480.0,2049418.0,24.27,Success!
2020-09-02,2020/09/02 20:09:05America/Los Angeles TZ,NewYork,,,,,,,,False,False,,,,,"An error occurred. ... SessionNotCreatedException('session not created: This version of ChromeDriver only supports Chrome version 83', None, None)"
2020-09-02,2020/09/02 20:09:05America/Los Angeles TZ,North Carolina,,,,,,,,False,False,,,2179622.0,21.46,"An error occurred. ... SessionNotCreatedException('session not created: This version of ChromeDriver only supports Chrome version 83', None, None)"
2020-09-02,2020/09/02 20:09:05America/Los Angeles TZ,NorthDakota,,,,,,,,False,False,,,,,"An error occurred. ... AttributeError(""'NoneType' object has no attribute 'text'"")"
2020-09-02,2020/09/02 20:09:05America/Los Angeles TZ,Ohio,,,,,,,,False,False,,,1438271.0,12.35,"An error occurred. ... SessionNotCreatedException('session not created: This version of ChromeDriver only supports Chrome version 83', None, None)"
2020-09-02,2020/09/02 20:09:05America/Los Angeles TZ,Oklahoma,,,,,,,,False,False,,,287959.0,7.35,"An error occurred. ... SessionNotCreatedException('session not created: This version of ChromeDriver only supports Chrome version 83', None, None)"
2020-09-02,2020/09/02 20:09:05America/Los Angeles TZ,Oregon,,,,,,,,False,False,,,77789.0,1.91,"An error occurred. ... SessionNotCreatedException('session not created: This version of ChromeDriver only supports Chrome version 83', None, None)"
2020-09-02,2020/09/02 20:09:05America/Los Angeles TZ,Pennsylvania,2020-09-02,131752.0,7712.0,18434.0,1608.0,27.4,21.01,False,True,67269.0,7655.0,1423319.0,11.13,Success!
2020-09-02,2020/09/02 20:09:05America/Los Angeles TZ,Rhode Island,2020-07-03,16491.0,960.0,1592.0,48.0,12.29,6.14,False,False,12950.0,782.0,69254.0,6.55,Success!
2020-09-02,2020/09/02 20:09:05America/Los Angeles TZ,SouthCarolina,,,,,,,,False,False,,,,,"An error occurred. ... SessionNotCreatedException('session not created: This version of ChromeDriver only supports Chrome version 83', None, None)"
2020-09-02,2020/09/02 20:09:05America/Los Angeles TZ,SouthDakota,,,,,,,,False,False,,,,,"An error occurred. ... SessionNotCreatedException('session not created: This version of ChromeDriver only supports Chrome version 83', None, None)"
2020-09-02,2020/09/02 20:09:05America/Los Angeles TZ,Tennessee,2020-09-02,157831.0,1797.0,30177.0,539.0,19.12,29.99,True,True,,,1117489.0,16.8,Success!
2020-09-02,2020/09/02 20:09:05America/Los Angeles TZ,Texas,2020-09-02,48223.0,12870.0,7745.0,1493.0,0.16,0.12,True,False,,,3365783.0,12.07,Success!
2020-09-02,2020/09/02 20:09:05America/Los Angeles TZ,Texas -- Bexar County,2020-08-23,45255.0,721.0,464.0,17.0,6.81,15.32,False,False,6812.0,111.0,146703.0,7.62,Success!
2020-09-02,2020/09/02 20:09:05America/Los Angeles TZ,Utah,2020-09-02,52822.0,410.0,1210.0,7.0,2.3,1.71,True,False,,,35862.0,1.18,Success!
2020-09-02,2020/09/02 20:09:05America/Los Angeles TZ,Vermont,2020-09-02,1637.0,58.0,174.0,0.0,10.98,0.0,False,True,1585.0,58.0,8058.0,1.29,Success!
2020-09-02,2020/09/02 20:09:05America/Los Angeles TZ,Virginia,2020-07-21,79371.0,2048.0,12922.0,483.0,16.28,23.58,True,True,,,1613285.0,19.17,Success!
2020-09-02,2020/09/02 20:09:05America/Los Angeles TZ,Washington,2020-09-02,75377.0,1935.0,3136.0,64.0,5.96,3.36,False,False,52612.0,1904.0,269854.0,3.7,Success!
2020-09-02,2020/09/02 20:09:05America/Los Angeles TZ,"Washington, DC",,,,,,,,False,False,,,321317.0,46.94,"An error occurred. ... ParserError('String does not contain a date: %s', ' ')"
2020-09-02,2020/09/02 20:09:05America/Los Angeles TZ,WestVirginia,,,,,,,,False,False,,,,,"An error occurred. ... SessionNotCreatedException('session not created: This version of ChromeDriver only supports Chrome version 83', None, None)"
2020-09-02,2020/09/02 20:09:05America/Los Angeles TZ,Wisconsin,2020-09-02,77129.0,1142.0,9782.0,224.0,13.97,19.91,False,True,70002.0,1125.0,368744.0,6.38,Success!
2020-09-02,2020/09/02 20:09:05America/Los Angeles TZ,Wisconsin -- Milwaukee,2020-09-02,24245.0,409.0,6436.0,152.0,28.29,37.16,False,False,22752.0,409.0,252321.0,26.44,Success!
2020-09-02,2020/09/02 20:09:05America/Los Angeles TZ,Wyoming,,,,,,,,False,False,,,5540.0,0.95,"An error occurred. ... SessionNotCreatedException('session not created: This version of ChromeDriver only supports Chrome version 83', None, None)"
