Location,Date Published,Total Cases,Total Deaths,Count Cases Black/AA,Count Deaths Black/AA,Pct Cases Black/AA,Pct Deaths Black/AA,Pct Includes Unknown Race,Pct Includes Hispanic Black,Count Cases Known Race,Count Deaths Known Race,Black/AA Population,Pct Black/AA Population,Status code
Illinois,2020-07-03,145750,7005,24478.0,1953.0,16.79,27.88,True,False,,,1824125,14.23,Success!
Washington,2020-07-03,34778,1352,1403.0,44.0,5.59,3.38,False,False,25112.0,1300.0,269854,3.7,Success!
North Carolina,2020-07-03,70241,1392,11390.0,446.0,23.65,33.23,False,True,48153.0,1342.0,2179622,21.46,Success!
New York -- New York,2020-07-03,213212,18535,33135.0,5183.0,30.16,30.52,False,True,109848.0,16985.0,2049418,24.27,Success!
Wisconsin,2020-07-03,30317,796,5244.0,188.0,19.26,23.95,False,True,27226.0,785.0,368744,6.38,Success!
Wisconsin -- Milwaukee,2020-07-03,11899,355,3410.0,143.0,30.98,40.28,False,False,11007.0,355.0,252321,26.44,Success!
Rhode Island,2020-07-03,16491,960,1592.0,48.0,12.29,6.14,False,False,12950.0,782.0,69254,6.55,Success!
Tennessee,2020-07-03,48712,633,10097.0,221.0,20.73,34.91,True,True,,,1117489,16.8,Success!
Maine,2020-07-03,3373,105,793.0,,26.65,,False,True,2976.0,,17881,1.34,Success!
Maryland,2020-07-03,68961,3099,19783.0,1251.0,28.69,40.37,False,False,56566.0,68933.0,1788090,29.78,Success!
Alabama,2020-07-03,41362,983,14941.0,441.0,46.68,46.42,False,False,32010.0,950.0,1293186,26.58,Success!
Michigan,2020-07-03,65051,5891,19858.0,2358.0,30.53,40.03,True,False,,,1375424,13.81,Success!
Montana,2020-07-03,1128,23,6.0,,0.53,,True,True,,,4630,0.44,Success!
Alaska,2020-07-03,1063.0,15.0,24.0,0.0,1.28,0.0,False,True,1878.0,30.0,24129,3.27,Success!
Massachusetts,2020-07-03,109628,8149,10324.0,665.0,9.42,8.16,True,False,,,510558,7.48,Success!
Missouri,2020-06-27,20261,996,5758.0,246.0,49.66,38.56,False,True,11594.0,638.0,704896,11.57,Success!
Utah,2020-07-03,23866,181,633,<5,2.7,,True,False,,,35862,1.18,Success!
Mississippi,2020-07-02,29684,1103,14523,552,48.93,50.05,True,True,,,1125834,37.67,Success!
Texas -- Bexar County,2020-07-03,14212,117,464,17.0,6.81,15.32,False,False,6812.0,111.0,146703,7.62,Success!
Minnesota,2020-07-03,37624,1466,7765,125,20.64,8.53,True,True,,,342186,6.19,Success!
Texas,2020-07-03,22672,662,2672,85,0.12,0.13,True,False,,,3365783,12.07,Success!
Delaware,2020-07-03,11923,512,3083,131,25.86,25.59,True,False,,,209892,22.11,Success!
Nebraska,2020-07-03,19660,284,1136,21,7.59,7.78,False,True,14959.0,270.0,90860,4.77,Success!
California,2020-07-02,248235,6183,7144.0,570.0,4.4,9.3,False,True,164035.0,6098.0,2267875,5.79,Success!
Vermont,2020-07-03,1236,56,120,0,9.98,0.0,False,True,1202.0,56.0,8058,1.29,Success!
New Mexico,2020-07-03,12776,511,247,,1.93,,True,False,,,43006,2.06,Success!
Florida,2020-07-03,175718,3684,24177,723,13.76,19.63,True,False,,,3316376,16.1,Success!
"Washington, DC",2020-07-02,10390,554,5174,408,49.8,73.65,True,True,,,321317,46.94,Success!
Colorado,2020-07-03,33612,1701,1798,111,6.47,6.78,False,False,27780.0,1638.0,227938,4.12,Success!
California - San Diego,2020-07-03,15696,387,569,13,4.55,3.4,False,False,12513.0,382.0,166412,5.04,Success!
Idaho,2020-07-03,6994,92,106,1,1.52,1.09,False,True,,,11536,0.68,Success!
Georgia,2020-07-03,90493,2856,25314,1353,27.97,47.37,True,True,,,3239300,31.46,Success!
Virginia,2020-07-03,64393,1845,9304,409,14.45,22.17,True,True,,,1613285,19.17,Success!
Indiana,2020-07-03,46915,2488,5701,360,12.15,14.47,True,True,,,619472,9.33,Success!
Kentucky,2020-07-03,16376,585,1607,85,14.06,15.72,False,True,11432.0,546.0,354112,7.98,Success!
California - Los Angeles,2020-07-01,107667,3454,2946,365,4.6,11.37,False,False,63985.0,3209.0,823987,8.16,Success!
