Date Run,Date/Time Run,Location,Date Published,Total Cases,Total Deaths,Count Cases Black/AA,Count Deaths Black/AA,Pct Cases Black/AA,Pct Deaths Black/AA,Pct Includes Unknown Race,Pct Includes Hispanic Black,Count Cases Known Race,Count Deaths Known Race,Black/AA Population,Pct Black/AA Population,Status code
2020-09-10,2020/09/10 20:42:01America/Los Angeles TZ,Alabama,2020-09-10,123267.0,2176.0,31772.0,866.0,38.94,41.32,False,False,81586.0,2096.0,1293186.0,26.58,Success!
2020-09-10,2020/09/10 20:42:01America/Los Angeles TZ,Alaska,2020-09-10,3667.0,41.0,199.0,0.0,6.03,0.0,False,True,3302.0,40.0,24129.0,3.27,Success!
2020-09-10,2020/09/10 20:42:01America/Los Angeles TZ,Arizona,,,,,,,,False,False,,,305259.0,4.39,"An error occurred. ... SessionNotCreatedException('session not created: This version of ChromeDriver only supports Chrome version 83', None, None)"
2020-09-10,2020/09/10 20:42:01America/Los Angeles TZ,Arkansas,2020-09-10,66804.0,940.0,14867.0,216.0,24.23,23.08,False,True,61350.0,936.0,460970.0,15.41,Success!
2020-09-10,2020/09/10 20:42:01America/Los Angeles TZ,California,2020-09-08 00:00:00,739527.0,13841.0,21434.0,1049.0,4.28,7.72,False,False,501052.0,13582.0,2267875.0,5.79,Success!
2020-09-10,2020/09/10 20:42:01America/Los Angeles TZ,California - Los Angeles,2020-09-09,251024.0,6128.0,7109.0,569.0,4.77,9.87,False,False,149116.0,5765.0,823987.0,8.16,Success!
2020-09-10,2020/09/10 20:42:01America/Los Angeles TZ,California - San Diego,2020-09-10,41608.0,725.0,1542.0,32.0,4.51,4.46,False,False,34197.0,717.0,166412.0,5.04,Success!
2020-09-10,2020/09/10 20:42:01America/Los Angeles TZ,California - San Francisco,,,,,,,,False,False,,,,,"An error occurred. ... SessionNotCreatedException('session not created: This version of ChromeDriver only supports Chrome version 83', None, None)"
2020-09-10,2020/09/10 20:42:01America/Los Angeles TZ,Colorado,2020-09-10,60185.0,1979.0,2799.0,126.0,5.48,6.48,False,False,51121.0,1943.0,227938.0,4.12,Success!
2020-09-10,2020/09/10 20:42:01America/Los Angeles TZ,Connecticut,2020-09-09,51877.0,3593.0,7166.0,661.0,13.81,18.4,True,False,,,378262.0,10.56,Success!
2020-09-10,2020/09/10 20:42:01America/Los Angeles TZ,Delaware,,,,,,,,False,False,,,209892.0,22.11,"An error occurred. ... SessionNotCreatedException('session not created: This version of ChromeDriver only supports Chrome version 83', None, None)"
2020-09-10,2020/09/10 20:42:01America/Los Angeles TZ,Florida,,,,,,,,False,False,,,3316376.0,16.1,"An error occurred. ... AttributeError(""'NoneType' object has no attribute 'x0'"")"
2020-09-10,2020/09/10 20:42:01America/Los Angeles TZ,Florida -- Miami-Dade County,2020-09-10,162894.0,2789.0,14325.0,,14.35,,False,True,99817.0,,481976.0,17.75,Success!
2020-09-10,2020/09/10 20:42:01America/Los Angeles TZ,Florida -- Orange County,2020-09-10,37473.0,401.0,5277.0,,23.68,,False,True,22288.0,,277193.0,20.98,Success!
2020-09-10,2020/09/10 20:42:01America/Los Angeles TZ,Georgia,2020-09-10,289123.0,6204.0,74439.0,2618.0,25.75,42.2,True,True,,,3239300.0,31.46,Success!
2020-09-10,2020/09/10 20:42:01America/Los Angeles TZ,Hawaii,,,,,,,,False,False,,,26266.0,1.85,"An error occurred. ... SessionNotCreatedException('session not created: This version of ChromeDriver only supports Chrome version 83', None, None)"
2020-09-10,2020/09/10 20:42:01America/Los Angeles TZ,Idaho,,,,,,,,False,False,,,11536.0,0.68,"An error occurred. ... SessionNotCreatedException('session not created: This version of ChromeDriver only supports Chrome version 83', None, None)"
2020-09-10,2020/09/10 20:42:01America/Los Angeles TZ,Illinois,2020-09-10,255643.0,8242.0,36786.0,2169.0,14.39,26.32,True,False,,,1824125.0,14.23,Success!
2020-09-10,2020/09/10 20:42:01America/Los Angeles TZ,Indiana,2020-09-10,102243.0,3186.0,10410.0,436.0,10.18,13.68,True,True,,,619472.0,9.33,Success!
2020-09-10,2020/09/10 20:42:01America/Los Angeles TZ,Iowa,,,,,,,,False,False,,,109911.0,3.51,"An error occurred. ... SessionNotCreatedException('session not created: This version of ChromeDriver only supports Chrome version 83', None, None)"
2020-09-10,2020/09/10 20:42:01America/Los Angeles TZ,Kansas,,,,,,,,False,False,,,169801.0,5.84,"An error occurred. ... SessionNotCreatedException('session not created: This version of ChromeDriver only supports Chrome version 83', None, None)"
2020-09-10,2020/09/10 20:42:01America/Los Angeles TZ,Kentucky,2020-09-10,54772.0,1035.0,4475.0,121.0,12.11,12.92,False,True,36954.0,944.0,354112.0,7.98,Success!
2020-09-10,2020/09/10 20:42:01America/Los Angeles TZ,Louisiana,2020-09-09,155419.0,4991.0,57063.0,2324.0,41.43,46.94,False,True,137733.0,4951.0,1502916.0,32.23,Success!
2020-09-10,2020/09/10 20:42:01America/Los Angeles TZ,Maine,2020-09-10,4760.0,134.0,950.0,,21.97,,False,True,4324.0,,17881.0,1.34,Success!
2020-09-10,2020/09/10 20:42:01America/Los Angeles TZ,Maryland,,,,,,,,False,False,,,1788090.0,29.78,"An error occurred. ... SessionNotCreatedException('session not created: This version of ChromeDriver only supports Chrome version 83', None, None)"
2020-09-10,2020/09/10 20:42:01America/Los Angeles TZ,Massachusetts,2020-09-10,123546.0,9166.0,11839.0,748.0,9.58,8.16,True,False,,,510558.0,7.48,Success!
2020-09-10,2020/09/10 20:42:01America/Los Angeles TZ,Michigan,2020-09-10,109448.0,6507.0,25031.0,2517.0,22.87,38.68,True,False,,,1375424.0,13.81,Success!
2020-09-10,2020/09/10 20:42:01America/Los Angeles TZ,Minnesota,2020-09-10,82249.0,1884.0,15707.0,183.0,19.1,9.71,True,True,,,342186.0,6.19,Success!
2020-09-10,2020/09/10 20:42:01America/Los Angeles TZ,Mississippi,2020-09-09,88322.0,2656.0,35427.0,1238.0,40.11,46.61,True,True,,,1125834.0,37.67,Success!
2020-09-10,2020/09/10 20:42:01America/Los Angeles TZ,Missouri,2020-09-10,97555.0,1691.0,11624.0,474.0,26.34,31.75,False,True,44129.0,1493.0,704896.0,11.57,Success!
2020-09-10,2020/09/10 20:42:01America/Los Angeles TZ,Montana,2020-09-10,8663.0,123.0,45.0,,0.52,,True,True,,,4630.0,0.44,Success!
2020-09-10,2020/09/10 20:42:01America/Los Angeles TZ,Nebraska,2020-09-10,37373.0,430.0,2164.0,31.0,7.33,7.69,False,True,29541.0,403.0,90860.0,4.77,Success!
2020-09-10,2020/09/10 20:42:01America/Los Angeles TZ,Nevada,,,,,,,,False,False,,,261123.0,8.93,"An error occurred. ... SessionNotCreatedException('session not created: This version of ChromeDriver only supports Chrome version 83', None, None)"
2020-09-10,2020/09/10 20:42:01America/Los Angeles TZ,New Hampshire,,,,,,,,False,False,,,20516.0,1.53,"An error occurred. ... SessionNotCreatedException('session not created: This version of ChromeDriver only supports Chrome version 83', None, None)"
2020-09-10,2020/09/10 20:42:01America/Los Angeles TZ,New Mexico,2020-09-10,26429.0,816.0,467.0,,1.77,,True,False,,,43006.0,2.06,Success!
2020-09-10,2020/09/10 20:42:01America/Los Angeles TZ,New York -- New York,2020-09-10,232710.0,19099.0,36623.0,5333.0,28.66,30.45,False,True,127786.0,17514.0,2049418.0,24.27,Success!
2020-09-10,2020/09/10 20:42:01America/Los Angeles TZ,NewYork,,,,,,,,False,False,,,,,"An error occurred. ... SessionNotCreatedException('session not created: This version of ChromeDriver only supports Chrome version 83', None, None)"
2020-09-10,2020/09/10 20:42:01America/Los Angeles TZ,North Carolina,,,,,,,,False,False,,,2179622.0,21.46,"An error occurred. ... SessionNotCreatedException('session not created: This version of ChromeDriver only supports Chrome version 83', None, None)"
2020-09-10,2020/09/10 20:42:01America/Los Angeles TZ,NorthDakota,,,,,,,,False,False,,,,,"An error occurred. ... AttributeError(""'NoneType' object has no attribute 'text'"")"
2020-09-10,2020/09/10 20:42:01America/Los Angeles TZ,Ohio,,,,,,,,False,False,,,1438271.0,12.35,"An error occurred. ... SessionNotCreatedException('session not created: This version of ChromeDriver only supports Chrome version 83', None, None)"
2020-09-10,2020/09/10 20:42:01America/Los Angeles TZ,Oklahoma,,,,,,,,False,False,,,287959.0,7.35,"An error occurred. ... SessionNotCreatedException('session not created: This version of ChromeDriver only supports Chrome version 83', None, None)"
2020-09-10,2020/09/10 20:42:01America/Los Angeles TZ,Oregon,,,,,,,,False,False,,,77789.0,1.91,"An error occurred. ... SessionNotCreatedException('session not created: This version of ChromeDriver only supports Chrome version 83', None, None)"
2020-09-10,2020/09/10 20:42:01America/Los Angeles TZ,Pennsylvania,2020-09-10,137803.0,7820.0,19118.0,1619.0,26.71,20.91,False,True,71568.0,7742.0,1423319.0,11.13,Success!
2020-09-10,2020/09/10 20:42:01America/Los Angeles TZ,Rhode Island,2020-07-03,16491.0,960.0,1592.0,48.0,12.29,6.14,False,False,12950.0,782.0,69254.0,6.55,Success!
2020-09-10,2020/09/10 20:42:01America/Los Angeles TZ,SouthCarolina,,,,,,,,False,False,,,,,"An error occurred. ... SessionNotCreatedException('session not created: This version of ChromeDriver only supports Chrome version 83', None, None)"
2020-09-10,2020/09/10 20:42:01America/Los Angeles TZ,SouthDakota,,,,,,,,False,False,,,,,"An error occurred. ... SessionNotCreatedException('session not created: This version of ChromeDriver only supports Chrome version 83', None, None)"
2020-09-10,2020/09/10 20:42:01America/Los Angeles TZ,Tennessee,2020-09-10,168237.0,1988.0,31823.0,564.0,18.92,28.37,True,True,,,1117489.0,16.8,Success!
2020-09-10,2020/09/10 20:42:01America/Los Angeles TZ,Texas,2020-09-10,49292.0,13853.0,7977.0,1577.0,0.16,0.11,True,False,,,3365783.0,12.07,Success!
2020-09-10,2020/09/10 20:42:01America/Los Angeles TZ,Texas -- Bexar County,2020-08-23,45255.0,721.0,464.0,17.0,6.81,15.32,False,False,6812.0,111.0,146703.0,7.62,Success!
2020-09-10,2020/09/10 20:42:01America/Los Angeles TZ,Utah,2020-09-10,56019.0,430.0,1249.0,7.0,2.2,1.63,True,False,,,35862.0,1.18,Success!
2020-09-10,2020/09/10 20:42:01America/Los Angeles TZ,Vermont,2020-09-10,1661.0,58.0,174.0,0.0,10.81,0.0,False,True,1609.0,58.0,8058.0,1.29,Success!
2020-09-10,2020/09/10 20:42:01America/Los Angeles TZ,Virginia,2020-07-21,79371.0,2048.0,12922.0,483.0,16.28,23.58,True,True,,,1613285.0,19.17,Success!
2020-09-10,2020/09/10 20:42:01America/Los Angeles TZ,Washington,2020-09-10,78467.0,1985.0,3209.0,66.0,5.91,3.36,False,False,54341.0,1962.0,269854.0,3.7,Success!
2020-09-10,2020/09/10 20:42:01America/Los Angeles TZ,"Washington, DC",,,,,,,,False,False,,,321317.0,46.94,"An error occurred. ... ParserError('String does not contain a date: %s', ' ')"
2020-09-10,2020/09/10 20:42:01America/Los Angeles TZ,WestVirginia,,,,,,,,False,False,,,,,"An error occurred. ... SessionNotCreatedException('session not created: This version of ChromeDriver only supports Chrome version 83', None, None)"
2020-09-10,2020/09/10 20:42:01America/Los Angeles TZ,Wisconsin,2020-09-10,84881.0,1193.0,10026.0,228.0,13.01,19.42,False,True,77082.0,1174.0,368744.0,6.38,Success!
2020-09-10,2020/09/10 20:42:01America/Los Angeles TZ,Wisconsin -- Milwaukee,2020-09-10,25103.0,416.0,6542.0,154.0,27.8,37.02,False,False,23535.0,416.0,252321.0,26.44,Success!
2020-09-10,2020/09/10 20:42:01America/Los Angeles TZ,Wyoming,,,,,,,,False,False,,,5540.0,0.95,"An error occurred. ... SessionNotCreatedException('session not created: This version of ChromeDriver only supports Chrome version 83', None, None)"
