Location,Date Published,Total Cases,Total Deaths,Count Cases Black/AA,Count Deaths Black/AA,Pct Cases Black/AA,Pct Deaths Black/AA,Pct Includes Unknown Race,Pct Includes Hispanic Black,Status code
Massachusetts,2020-06-30,108882.0,8054.0,10209.0,663.0,9.38,8.23,True,False,Success!
Washington,2020-06-30,32824.0,1332.0,1343.0,42.0,6.0,3.0,False,False,Success!
Colorado,2020-06-30,32715.0,1690.0,1769.0,110.0,5.41,6.51,True,False,Success!
Florida,2020-06-30,149781.0,3505.0,21268.0,697.0,14.2,19.89,True,False,Success!
Maine,2020-06-30,3253.0,105.0,771.0,,26.87,,False,True,Success!
Georgia,2020-06-30,81291.0,2805.0,23294.0,1328.0,28.66,47.34,True,True,Success!
Mississippi,2020-06-30,27247.0,523.0,13577.0,1090.0,49.83,208.41,True,True,Success!
California - Los Angeles,,,,,,,,False,False,An error occurred. ... JSONDecodeError('Expecting property name enclosed in double quotes: line 9 column 13 (char 313)')
Utah,2020-06-30,22217,172,600,<5,2.7,,True,False,Success!
Wisconsin -- Milwaukee,2020-06-30,11397,355,3230,143,30.6,40.28,False,False,Success!
Texas,2020-06-30,21361,662,2548,85,11.93,12.84,True,False,Success!
Missouri,2020-06-27,20261,996,5758,246,49.66,38.56,False,True,Success!
Virginia,2020-06-30,62787,1763,8931,385,14.22,21.84,True,True,Success!
Rhode Island,2020-06-29,16226,946,1573,47,12.33,6.11,False,False,Success!
"Washington, DC",2020-06-30,10327,551,5144,405,49.81,73.5,True,True,Success!
Delaware,2020-06-30,11474,509,3020,130,26.32,25.54,True,False,Success!
Alabama,2020-06-30,37536,926,14043,424,47.54,47.22,False,False,Success!
New Mexico,2020-06-30,12147,497,232,,1.91,,True,False,Success!
Vermont,2020-06-30,1,0,113,0,9.62,0.0,False,True,Success!
Michigan,2020-06-30,63794,5869,19626,2348,30.76,40.01,True,False,Success!
Alaska,2020-06-30,940.0,14.0,24.0,0.0,2.55,0.0,True,True,Success!
California,2020-06-29,150216,5811,6557,551,4.4,9.5,False,True,Success!
Maryland,,,,,,,,False,False,"An error occurred. ... OSError(8, 'Exec format error')"
California - San Diego,2020-06-29,13832,361,478,11,4.32,3.07,False,False,Success!
Minnesota,2020-06-30,36303,1441,7565,120,20.84,8.33,True,True,Success!
Kentucky,2020-06-30,15624,565,1543,85,14.22,16.1,False,True,Success!
Indiana,2020-06-30,45594,2448,5614,355,12.31,14.5,True,True,Success!
Texas -- Bexar County,2020-06-29,10797,109,436,17.0,6.98,15.6,False,False,Success!
Montana,,,,,,,,False,False,"An error occurred. ... SSLError(MaxRetryError(""HTTPSConnectionPool(host='dphhs.mt.gov', port=443): Max retries exceeded with url: /publichealth/cdepi/diseases/coronavirusmt/demographics (Caused by SSLError(SSLError(1, '[SSL: DH_KEY_TOO_SMALL] dh key too small (_ssl.c:1108)')))""))"
Wisconsin,2020-06-30,28659,784,5022,184,19.54,23.8,False,True,Success!
